gene;chr;snp (pathogenic by dpSNP);associated allele;type;locus/loci (dy dbSNP);is pathogenic;clinical significance (ClinVar);dyslexia mentioned;localisation;;;;;;;;;;;;;;;;;;
;;;;;;;;;;;;;;;;;;;;;;;;;;;
;;;;;;;"dyslexia & dyskinesia & encephalopathy (genecards)
4 phenotypes, dyslexia & dyskinesia (ensembl)";obvious clinvar;;;;;;;;;;;;;;;;;;;
DNAAF4;15;rs57809907 ;C>A;snv;55,430,684;risk-factor;dyslexia + ?dyskinesia? (clinvar);obvious clinvar;dbSNP: stop gained;;;;;;;;;;;;;;;;;;
DNAAF4;15;rs116339967 ;T>A;snv;55,439,484;conflicting/likely-pathogenic;non clear (DNAAF4-related disorder);unspecified disorder;dbSNP: Missense Variant;;;;;;;;;;;;;;;;;;
DNAAF4;15;rs147149511;T>C;snv;55,439,503;uncertain ;non clear (DNAAF4-related disorder);unspecified disorder;dbSNP: Stop Gained;;;;;;;;;;;;;;;;;;
DNAAF4;15;rs397515621;G>A;snv;55,439,557;likely-pathogenic;dyskinesia more than dyslexia;unspecified disorder;dbSNP: Stop Gained;;;;;;;;;;;;;;;;;;
DNAAF4;15;rs3743205 ;C>T;snv;55,498,332;risk-factor;dyslexia only (clinvar);obvious clinvar;dpSNP: 5 Prime UTR Variant;;;;;;;;;;;;;;;;;;
DNAAF4;15;rs748440695;G>A;snv;55,450,272;likely-pathogenic;not provided;non mentioned;dbSNP: Stop Gained;;;;;;;;;;;;;;;;;;
DNAAF4;15;rs779538333;C>T;snv;55,434,904;likely-pathogenic;not provided;non mentioned;dbSNP: splice donor variant;;;;;;;;;;;;;;;;;;
;;;;;;;dyslexia & neuronal migration & discalculia & ?polycystic kidney disease?;obvious clinvar;;;;;;;;;;;;;;;;;;;
KIAA0319;6;rs4504469;C>T;snv;24,588,656;non pathogenic (clinvar);-;non mentioned;dbSNP: Missence Variant;;;;;;;;;;;;;;;;;;
KIAA0319;6;rs2038137;T>G;snv;24,645,715 ;Not Reported in ClinVar;Not Reported in ClinVar;only in article;dbSNP: intron variant;;;;;;;;;;;;;;;;;;
KIAA0319;6;rs2179515;T>A;snv;24,627,975;Not Reported in ClinVar;Not Reported in ClinVar;only in article;dbSNP: intron variant;;;;;;;;;;;;;;;;;;
KIAA0319;6;rs3212236;T>C;snv;24,648,227;Not Reported in ClinVar;Not Reported in ClinVar;only in article;non mentioned in dbSNP;;;;;;;;;;;;;;;;;;
KIAA0319;6;rs6935076;C>T;snv;24,644,094;Not Reported in ClinVar;Not Reported in ClinVar;only in article;dbSNP: intron variant;;;;;;;;;;;;;;;;;;
KIAA0319;6;rs9461045;C>T;snv;24,648,833;Not Reported in ClinVar;Not Reported in ClinVar;only in article;non mentioned in dbSNP;;;;;;;;;;;;;;;;;;
KIAA0319;6;rs2143340;A>C;snv;24,658,843;Not Reported in ClinVar;Not Reported in ClinVar;only in article;another gene: TDP2: intron variant;;;;;;;;;;;;;;;;;;
KIAA0319;6;rs761100;A>C;snv;24,632,414;Not Reported in ClinVar;Not Reported in ClinVar;only in article;dbSNP: intron variant;;;;;;;;;;;;;;;;;;
;;;;;;;sclerosing cholangitis & autosomal recessive deafness & dyslexia & other unspecified reading and writing abilities & nephronophthisis;only in article;;;;;;;;;;;;;;;;;;;
DCDC2;6;rs793862;A>C;snv;24,206,972;Not Reported in ClinVar;Not Reported in ClinVar;only in article;dbSNP: intron variant;;;;;;;;;;;;;;;;;;
DCDC2;6;rs807701;G>A;snv;24,273,563;Not Reported in ClinVar;Not Reported in ClinVar;only in article;dbSNP: intron variant;;;;;;;;;;;;;;;;;;
DCDC2;6;rs138670560;G>T;snv;24,357,529;uncertain ;autosomal recessive hearing loss & sclerosing cholangitis & unspecified dcdc2-related disorder;unspecified disorder;dbSNP: Missense Variant;;;;;;;;;;;;;;;;;;
DCDC2;6;rs142088541;C>T;snv;24,301,991;uncertain ;autosomal recessive hearing loss & sclerosing cholangitis & unspecified dcdc2-related disorder;unspecified disorder;"dbSNP: synonymous variant
";;;;;;;;;;;;;;;;;;
DCDC2;6;rs144695853 ;A>C;snv;24,288,896;uncertain ;autosomal recessive nonsyndromic hearing loss & isolated neonatal sclerosing cholangitis;non mentioned;dbSNP: Missense Variant;;;;;;;;;;;;;;;;;;
DCDC2;6;rs145154884 ;C>T;snv;24,174,738;uncertain ;autosomal recessive hearing loss & sclerosing cholangitis & unspecified dcdc2-related disorder;unspecified disorder;dbSNP: Missense Variant;;;;;;;;;;;;;;;;;;
DCDC2;6;rs771591530;C>T;snv;24,178,457;uncertain ;autosomal recessive hearing loss;non mentioned;dbSNP: Missense Variant;;;;;;;;;;;;;;;;;;
DCDC2;6;rs146787541;G>A;snv;24,278,154;uncertain ;autosomal recessive nonsyndromic hearing loss & isolated neonatal sclerosing cholangitis;non mentioned;dbSNP: Missense Variant;;;;;;;;;;;;;;;;;;
DCDC2;6;rs183480366;C>G;snv;24,178,59;uncertain ;"""inborn genetic diseases""";unspecified disorder;dbSNP: Missense Variant;;;;;;;;;;;;;;;;;;
DCDC2;6;;C>T;snv;;uncertain ;autosomal recessive nonsyndromic hearing loss & isolated neonatal sclerosing cholangitis & NPTP;non mentioned;;;;;;;;;;;;;;;;;;;
DCDC2;6;rs538198742 ;A>T;snv;24,178,557;uncertain ;autosomal recessive hearing loss & sclerosing cholangitis & unspecified dcdc2-related disorder;unspecified disorder;;;;;;;;;;;;;;;;;;;
DCDC2;6;rs745333409;C>T;snv;24,357,683;uncertain ;autosomal recessive hearing loss & unspecified dcdc2-related disorder;unspecified disorder;dbSNP: Missense Variant;;;;;;;;;;;;;;;;;;
DCDC2;6;rs904520404;G>C;snv;24,302,010;pathogenic;sclerosing cholangitis & autosomal recessive deafness & nephronophthisis;non mentioned;dbSNP: Stop Gained;;;;;;;;;;;;;;;;;;
;;;;;;;"Neurooculorenal Syndrome & Nystagmus 8, Congenital, Autosomal Recessive & Pituitary Hormone Deficiency & Pituitary Stalk Interruption Syndrome & Autosomal Recessive Congenital Nystagmus; 

likely: Pituitary Hypoplasia, dyslexia, reading disorder, Corneal Neovascularization, learning disability";unspecified disorder;;;;;;;;;;;;;;;;;;;
ROBO1;3;rs148625921;->CCC;delins;78,631,281;uncertain;Heart, malformation & unspecified robo1-related disorder;unspecified disorder;ROBO1 : Inframe delins;;;;;;;;;;;;;;;;;;
ROBO1;3;rs189089312;C>T;snv;78,657,200;conflicting;not provided;non mentioned;dbSNP: Missence Variant;;;;;;;;;;;;;;;;;;
ROBO1;3;rs199958211;G>A;snv;78,606,912;pathogenic ;Congenital nystagmus & Nystagmus, congenital, autosomal recessive;non mentioned;dbSNP: Missence Variant;;;;;;;;;;;;;;;;;;
ROBO1;3;rs371765552;G>A;snv;78,657,245;pathogenic ;not provided;non mentioned;dpSNP: stop gained;;;;;;;;;;;;;;;;;;
ROBO1;3;rs761322350;TCAG>-;delins;78,717,769-775;pathogenic ;not provided;non mentioned;dpSNP: Frameshift Variant;;;;;;;;;;;;;;;;;;
ROBO1;3;rs768938856;G>T;snv;78,614,705;conflicting;not provided;non mentioned;dbSNP: Missence Variant;;;;;;;;;;;;;;;;;;
ROBO1;3;rs772695815;C>T;snv;78,661,182;likely-pathogenic ;unspecified gene-related disorder;unspecified disorder;dpSNP: stop gained;;;;;;;;;;;;;;;;;;
ROBO1;3;rs774218793;G>A;snv;78,670,143;likely-pathogenic ;not provided;non mentioned;dpSNP: stop gained;;;;;;;;;;;;;;;;;;
ROBO1;3;rs777460645;C>A;snv;78,617,761;likely-pathogenic ;Congenital anomaly of kidney and urinary tract;non mentioned;dpSNP: stop gained;;;;;;;;;;;;;;;;;;
ROBO1;3;rs781328659;G>C;snv;78,717,854;pathogenic ;Congenital anomaly of kidney and urinary tract & Neurooculorenal syndrome;non mentioned;dpSNP: stop gained;;;;;;;;;;;;;;;;;;
ROBO1;3;rs1017845770;G>A;snv;78,938,745;likely-pathogenic ;Tetralogy of Fallot;non mentioned;dpSNP: stop gained;;;;;;;;;;;;;;;;;;
ROBO1;3;rs1181501831;G>A;snv;78,606,967;pathogenic ;not provided;non mentioned;dpSNP: stop gained;;;;;;;;;;;;;;;;;;
ROBO1;3;rs1229827011;G>A;snv;78,668,243;pathogenic ;Pituitary hormone deficiency, combined or isolated &  Pituitary stalk interruption syndrome;non mentioned;dbSNP: Missence Variant;;;;;;;;;;;;;;;;;;
ROBO1;3;rs1431830142;G>A;snv;78,714,514;likely-pathogenic ;Tetralogy of Fallot;non mentioned;dpSNP: stop gained;;;;;;;;;;;;;;;;;;
ROBO1;3;rs1439248218;G>T;snv;78,633,966;pathogenic ;Pituitary stalk interruption syndrome;non mentioned;dpSNP: stop gained;;;;;;;;;;;;;;;;;;
ROBO1;3;rs1703089925;G>C;snv;78,600,231;pathogenic ;Bilateral renal agenesis & Neurooculorenal syndrome;non mentioned;dpSNP: stop gained;;;;;;;;;;;;;;;;;;
ROBO1;3;rs1705825067;C>-;delins;78,639,852;pathogenic ;Pituitary stalk interruption syndrome;non mentioned;dpSNP: Frameshift Variant;;;;;;;;;;;;;;;;;;
ROBO2;3;rs1705825244;C>T;snv;78,639,857;likely-pathogenic ;Congenital anomaly of kidney and urinary tract;non mentioned;dpSNP: stop gained;;;;;;;;;;;;;;;;;;
ROBO3;3;rs1706269517;C>A;snv;78,646,147;pathogenic ;Congenital anomaly of kidney and urinary tract & Neurooculorenal syndrome;non mentioned;dbSNP: Splice Donor Variant;;;;;;;;;;;;;;;;;;
ROBO4;3;rs1706274257;C>G;snv;78,646,191;likely-pathogenic ;Heart, malformation;non mentioned;dbSNP:  Splice Acceptor Variant;;;;;;;;;;;;;;;;;;
ROBO5;3;rs1706676495;G>A;snv;78,651,786;pathogenic ;Congenital anomaly of kidney and urinary tract & Neurooculorenal syndrome;non mentioned;dpSNP: stop gained;;;;;;;;;;;;;;;;;;
ROBO6;3;rs1707450601;T>-;del;78,662,096;likely-pathogenic ;Increased nuchal translucency;non mentioned;dpSNP: Frameshift Variant;;;;;;;;;;;;;;;;;;
ROBO7;3;rs2081036277;C>T;snv;78,685,745;pathogenic ;Congenital anomaly of kidney and urinary tract & Neurooculorenal syndrome;non mentioned;dbSNP: Splice Donor Variant;;;;;;;;;;;;;;;;;;
ROBO8;3;rs2081039925;G>A;snv;78,685,890;likely-pathogenic ;Congenital anomaly of kidney and urinary tract;non mentioned;dpSNP: stop gained;;;;;;;;;;;;;;;;;;
ROBO9;3;rs2081940708;C>G;snv;78,717,822;pathogenic ;Pituitary stalk interruption syndrome & Pituitary hormone deficiency, combined or isolated;non mentioned;dbSNP: Missence Variant;;;;;;;;;;;;;;;;;;
ROBO10;3;rs2082671645;G>A;snv;78,746,874;pathogenic ;Bilateral renal agenesis & Neurooculorenal syndrome;non mentioned;dbSNP: Missence Variant;;;;;;;;;;;;;;;;;;
ROBO11;3;rs2107397010;GGCT>-;delins;78,617,899-903;likely-pathogenic ;Congenital anomaly of kidney and urinary tract;non mentioned;dpSNP: Frameshift Variant;;;;;;;;;;;;;;;;;;
ROBO12;3;rs2107594330;T>C;snv;78,646,192;likely-pathogenic ;not provided;non mentioned;dbSNP:  Splice Acceptor Variant;;;;;;;;;;;;;;;;;;
ROBO13;3;rs2107620759;AG>-;del;78,651,913;pathogenic ;Congenital anomaly of kidney and urinary tract;non mentioned;dpSNP: Frameshift Variant;;;;;;;;;;;;;;;;;;
ROBO14;3;rs2107823148;T>C;snv;78,685,823;pathogenic ;Short stature;non mentioned;dbSNP: Missence Variant;;;;;;;;;;;;;;;;;;
ROBO15;3;rs2108073043;C>A;snv;78,717,342;likely-pathogenic ;Congenital anomaly of kidney and urinary tract;non mentioned;dpSNP: stop gained;;;;;;;;;;;;;;;;;;
ROBO16;3;rs2471718612;G>-;delins;78,617,965;pathogenic ;not provided;non mentioned;dpSNP: Frameshift Variant;;;;;;;;;;;;;;;;;;
ROBO17;3;rs2471793457;C>A;snv;78,627,388;likely-pathogenic ;not provided;non mentioned;dpSNP: stop gained;;;;;;;;;;;;;;;;;;
ROBO18;3;rs2472101425;CTTATAC>-;delins;78,659,682-692;likely-pathogenic ;Pituitary hormone deficiency, combined or isolated;non mentioned;dbSNP: Splice Donor Variant;;;;;;;;;;;;;;;;;;
ROBO19;3;rs2472198025;C>T;snv;78,670,181;likely-pathogenic ;unspecified gene-related disorder;unspecified disorder;dpSNP: stop gained;;;;;;;;;;;;;;;;;;
ROBO20;3;rs2472352059;A>T;snv;78,688,702;pathogenic ;not provided;non mentioned;dpSNP: stop gained;;;;;;;;;;;;;;;;;;
ROBO21;3;rs2472632341;A>G;snv;78,717,273;likely-pathogenic ;not provided;non mentioned;dbSNP: Splice Donor Variant;;;;;;;;;;;;;;;;;;
ROBO22;3;rs2545634068;->TC;delins;78,746,845-849;pathogenic ;not provided;non mentioned;dpSNP: Frameshift Variant;;;;;;;;;;;;;;;;;;
ROBO23;3;rs2546354841;->T;delins;78,938,644;likely-pathogenic ;unspecified gene-related disorder;unspecified disorder;dpSNP: stop gained;;;;;;;;;;;;;;;;;;
;;;;;;;;;;;;;;;;;;;;;;;;;;;
;;;;;;;;;;;;;;;;;;;;;;;;;;;
CCDC136;7;rs185493260;G>A;snv;;Not Reported in ClinVar;Not Reported in ClinVar;only in article;dbSNP: Missence Variant;;;;;;;;;;;;;;;;;;
CCDC136;7;rs143537881;G>A;snv;;Not Reported in ClinVar;Not Reported in ClinVar;only in article;dbSNP: Missence Variant;;;;;;;;;;;;;;;;;;
CCDC136;7;rs142055253;A>G;snv;;Not Reported in ClinVar;Not Reported in ClinVar;only in article;dbSNP: Missence Variant;;;;;;;;;;;;;;;;;;
CCDC136;7;unkonwn;;frameshift (del);;;;only in article;;;;;;;;;;;;;;;;;;;
;;;;;;;;;;;;;;;;;;;;;;;;;;;
FLNC;7;rs768103657;G>A;snv;128,843,826;Not Reported in ClinVar;Not Reported in ClinVar;only in article;dbSNP: Missence Variant;;;;;;;;;;;;;;;;;;
FLNC;7;rs189525930;G>A;snv;128,840,130;uncertain;dyslexia by article & Dilated Cardiomyopathy, Dominant,Distal myopathy with posterior leg and anterior hand involvement,Hypertrophic cardiomyopathy 26,Myofibrillar myopathy 5  by ClinVar;only in article;dbSNP: Missence Variant;;;;;;;;;;;;;;;;;;
FLNC;7;rs146953558;C>T;snv;128,845,186;uncertain;dyslexia by article & Dilated Cardiomyopathy, Dominant,Distal myopathy with posterior leg and anterior hand involvement,Hypertrophic cardiomyopathy 26,Myofibrillar myopathy 5  by ClinVar;only in article;dbSNP: Missence Variant;;;;;;;;;;;;;;;;;;
FLNC;7;rs374983276;C>T;snv;128,843,313;uncertain;dyslexia by article & Dilated Cardiomyopathy, Dominant,Distal myopathy with posterior leg and anterior hand involvement,Hypertrophic cardiomyopathy 26,Myofibrillar myopathy 5  by ClinVar;only in article;dbSNP: Missence Variant;;;;;;;;;;;;;;;;;;
FLNC;7;rs181067717;C>T ;snv;128,851,270;uncertain;dyslexia by article & Dilated Cardiomyopathy, Dominant,Distal myopathy with posterior leg and anterior hand involvement,Hypertrophic cardiomyopathy 26,Myofibrillar myopathy 5  by ClinVar;only in article;dbSNP: Missence Variant;;;;;;;;;;;;;;;;;;
FLNC;7;rs34972246;A>C;snv;128,841,524;uncertain;dyslexia by article & Dilated Cardiomyopathy, Dominant,Distal myopathy with posterior leg and anterior hand involvement,Hypertrophic cardiomyopathy 26,Myofibrillar myopathy 5  by ClinVar;only in article;dbSNP: Missence Variant;;;;;;;;;;;;;;;;;;
FLNC;7;rs202223616;G>A;snv;128,854,493;uncertain;dyslexia by article & Dilated Cardiomyopathy, Dominant,Distal myopathy with posterior leg and anterior hand involvement,Hypertrophic cardiomyopathy 26,Myofibrillar myopathy 5  by ClinVar;only in article;dbSNP: Missence Variant;;;;;;;;;;;;;;;;;;
;;;;;;;;;;;;;;;;;;;;;;;;;;;
PRMT2;21;rs8133385;G>A;snv;46,609,548;Not Reported in ClinVar;Not Reported in ClinVar;only in article;5′ Upstream (article);;;;;;;;;;;;;;;;;;
PRMT2;21;rs9982863;A>G;snv;46,610,553;Not Reported in ClinVar;Not Reported in ClinVar;only in article;5′ Upstream (article);;;;;;;;;;;;;;;;;;
S100B;21;rs9983698;C>T;snv;46,598,630;Not Reported in ClinVar;Not Reported in ClinVar;only in article;3 Prime UTR Variant (dbSNP), exon(article);;;;;;;;;;;;;;;;;;
;;;;;21:46458891-46583871;;The protein encoded by this gene may be involved in axon patterning in the central nervous system. This gene is not highly expressed. Several transcript variants encoding different isoforms have been found for this gene. [by RefSeq];;;;;;;;;;;;;;;;;;;;
DIP2A;21;rs11702704;"
T>A";snv;46,448,408;Not Reported in ClinVar;Not Reported in ClinVar;only in article;"5′ Upstream (article); dbSNP считает, что это downstream в каком-то псевдогене...";;;;;;;;;;;;;;;;;;
DIP2A;21;rs8132320;A>G;snv;46,466,883;Not Reported in ClinVar;Not Reported in ClinVar;only in article;dbSNP: intron variant;;;;;;;;;;;;;;;;;;
DIP2A;21;rs2839282;C>G;snv;46,482,909;Not Reported in ClinVar;Not Reported in ClinVar;only in article;dbSNP: intron variant;;;;;;;;;;;;;;;;;;
DIP2A;21;rs2839299;C>G;snv;46,504,764;Not Reported in ClinVar;Not Reported in ClinVar;only in article;dbSNP: intron variant;;;;;;;;;;;;;;;;;;
DIP2A;21;rs1892692;C>G;snv;46,518,152;Not Reported in ClinVar;Not Reported in ClinVar;only in article;dbSNP: intron variant;;;;;;;;;;;;;;;;;;
DIP2A;21;rs2839308;G>A;snv;46,534,814;Not Reported in ClinVar;Not Reported in ClinVar;only in article;dbSNP: intron variant;;;;;;;;;;;;;;;;;;
DIP2A;21;rs2070435;G>A;snv;46,541,798;uncertain;dyslexia (article) & unspecified DIP2A-related disorder (Clinvar);unspecified disorder;"exon (article); Synonymous Variant dbSNP";;;;;;;;;;;;;;;;;;
DIP2A;21;rs17302525;A>G;snv;46,544,222;Not Reported in ClinVar;Not Reported in ClinVar;only in article;dbSNP: intron variant;;;;;;;;;;;;;;;;;;
DIP2A;21;rs1697937;;snv;;;;only in article;dbSNP: intron variant;;;;;;;;;;;;;;;;;;
DIP2A;21;rs762254;G>A;snv;46,563,767;Not Reported in ClinVar;Not Reported in ClinVar;only in article;dbSNP: intron variant;;;;;;;;;;;;;;;;;;
;;;;;;;;;;;;;;;;;;;;;;;;;;;
PCNT;21;rs16979065;C>G;snv;46,329,542;Not Reported in ClinVar;Not Reported in ClinVar;only in article;dbSNP: intron variant;;;;;;;;;;;;;;;;;;
PCNT;21;rs4819241;C>G;snv;46,362,149;Not Reported in ClinVar;Not Reported in ClinVar;only in article;dbSNP: intron variant;;;;;;;;;;;;;;;;;;
PCNT;21;rs2839227;A>G;snv;46,366,609;uncertain;"dyslexia (article),  Microcephalic osteodysplastic primordial dwarfism type II (ClinVar; likely uncertain)";only in article;exon (article), Missense Variant (dbSNP);;;;;;;;;;;;;;;;;;
PCNT;21;rs2839232;G>A;snv;46,372,959;Not Reported in ClinVar;Not Reported in ClinVar;only in article;dbSNP: intron variant;;;;;;;;;;;;;;;;;;
PCNT;21;rs2839259;T>C;snv;46,434,479;Not Reported in ClinVar;Not Reported in ClinVar;only in article;dbSNP: intron variant;;;;;;;;;;;;;;;;;;
PCNT;21;rs4274674;T>C;snv;46,454,355;Not Reported in ClinVar;Not Reported in ClinVar;only in article;3′ Downstream (article), dbSNP: Non Coding Transcript Variant в псевдогене;;;;;;;;;;;;;;;;;;
;;;;non-mentioned;;Not Reported in ClinVar;Not Reported in ClinVar;;;;;;;;;;;;;;;;;;;;
KIAA0319L;1;rs7523017;G>A;snv;35,549,410;Not Reported in ClinVar;Not Reported in ClinVar;only in article;dbSNP: intron variant;;;;;;;;;;;;;;;;;;
;;;;;6;;;;;;;;;;;;;;;;;;;;;;
TDP2;6;rs142438588;G>A;snv;24,650,928;pathogenic;Spinocerebellar ataxia, autosomal recessive 23;non mentioned;dbSNP: Stop Gained;;;;;;;;;;;;;;;;;;
TDP2;6;rs372245668;C>T;snv;24,658,560;pathogenic;Spinocerebellar ataxia, autosomal recessive 23;non mentioned;dbSNP: Splice Donor Variant;;;;;;;;;;;;;;;;;;
TDP2;6;rs377119756;G>A;snv;24,658,586;pathogenic;not provided;non mentioned;dbSNP: Stop Gained;;;;;;;;;;;;;;;;;;
TDP2;6;rs770844602;C>A;snv;24,666,859;pathogenic;not provided;non mentioned;dbSNP: Stop Gained;;;;;;;;;;;;;;;;;;
TDP2;6;rs879255601;GG>TT;mnv;24,658,572;pathogenic;Spinocerebellar ataxia, autosomal recessive 23;non mentioned;dbSNP: Stop Gained;;;;;;;;;;;;;;;;;;
TDP2;6;rs1240335250;TCAC>-;delins;24,654,406;pathogenic;Cerebellar ataxia;non mentioned;dbSNP: Splice Donor Variant;;;;;;;;;;;;;;;;;;
TDP2;6;rs1562148727;G>C;snv;24,658,597;pathogenic;not provided;non mentioned;dbSNP: Stop Gained;;;;;;;;;;;;;;;;;;
TDP2;6;rs1778000792;C>-;delins;24,653,140;pathogenic;Spinocerebellar ataxia, autosomal recessive 23;non mentioned;dbSNP: Frameshift Variant;;;;;;;;;;;;;;;;;;
TDP2;6;rs2127617300;ACAT>-;del;24,654,410;likely-pathogenic;Spinocerebellar ataxia, autosomal recessive 23;non mentioned;dbSNP: Splice Donor Variant;;;;;;;;;;;;;;;;;;
TDP2;6;rs2532242996;CTCT>-;delins;24,658,591;pathogenic;not provided;non mentioned;dbSNP: Frameshift Variant;;;;;;;;;;;;;;;;;;
TDP2;6;rs2532243005;->T;delins;24,658,595;pathogenic;not provided;non mentioned;dbSNP: Frameshift Variant;;;;;;;;;;;;;;;;;;
TDP2;6;rs2534108625;TG>-;del;24,654,467;pathogenic;unspecified 'inborn genetic disease';unspecified disorder;dbSNP: Frameshift Variant;;;;;;;;;;;;;;;;;;
;;;;;;;;;;;;;;;;;;;;;;;;;;;
CYP19A1;15;rs8034835;A>C;snv;51,220,467;uncertain;not provided;only in article;dbSNP: intron variant;;;;;;;;;;;;;;;;;;
CYP19A1;15;rs2899472;G>T;snv;51,223,858;Not Reported in ClinVar;Not Reported in ClinVar;only in article;dbSNP: intron variant;;;;;;;;;;;;;;;;;;
CYP19A1;15;rs1065778;T>C;snv;51,228,009;uncertain;not provided;only in article;dbSNP: intron variant;;;;;;;;;;;;;;;;;;
CYP19A1;15;rs700518;A>G;snv;51,236,915;uncertain;not provided;only in article;dbSNP: synonymous variant;;;;;;;;;;;;;;;;;;
CYP19A1;15;rs1902586;G>A;snv;51,278,656;Not Reported in ClinVar;Not Reported in ClinVar;only in article;dbSNP: intron variant;;;;;;;;;;;;;;;;;;
CYP19A1;15;rs936306;C>T;snv;51,287,401;Not Reported in ClinVar;Not Reported in ClinVar;only in article;dbSNP: intron variant;;;;;;;;;;;;;;;;;;
CYP19A1;15;rs2470152;G>A;snv;51,302,775;Not Reported in ClinVar;Not Reported in ClinVar;only in article;dbSNP: intron variant;;;;;;;;;;;;;;;;;;
CYP19A1;15;rs2289105;T>A;snv;51,215,311;uncertain;not provided;only in article;dbSNP: intron variant;;;;;;;;;;;;;;;;;;
CYP19A1;15;rs2470176;A>G;snv;51,291,742;Not Reported in ClinVar;Not Reported in ClinVar;only in article;dbSNP: intron variant;;;;;;;;;;;;;;;;;;
CYP19A1;15;rs10046;G>A;snv;51,210,789;uncertain;Aromatase deficiency & unspecified disorder;only in article;dbSNP: intron variant;;;;;;;;;;;;;;;;;;
CYP19A1;15;rs934634;C>T;snv;51,208,341;uncertain;Aromatase deficiency;only in article;dbSNP: 3 Prime UTR Variant;;;;;;;;;;;;;;;;;;
CYP19A1;15;rs11632903;C>G;snv;51,272,144;Not Reported in ClinVar;Not Reported in ClinVar;only in article;dbSNP: intron variant;;;;;;;;;;;;;;;;;;
CYP19A1;15;rs78310315;C>T;snv;51,211,010;pathogenic;Aromatase deficiency;non mentioned;dbSNP: Missense Variant;;;;;;;;;;;;;;;;;;
CYP19A1;15;rs80051519;C>T;snv;51,212,489;likely-pathogenic;Aromatase deficiency;non mentioned;dbSNP: Missense Variant;;;;;;;;;;;;;;;;;;
CYP19A1;15;rs121434534;G>A;snv;51,211,017;pathogenic;Aromatase deficiency & unspecified disorder;unspecified disorder;dbSNP: Missense Variant;;;;;;;;;;;;;;;;;;
CYP19A1;15;rs121434536;G>A;snv;51,212,460;pathogenic;Aromatase deficiency;non mentioned;dbSNP: Missense Variant;;;;;;;;;;;;;;;;;;
CYP19A1;15;rs121434538;C>T;snv;51,222,349;pathogenic;Aromatase deficiency & unspecified disorder;unspecified disorder;dbSNP: Missense Variant;;;;;;;;;;;;;;;;;;
CYP19A1;15;rs371981915;C>T;snv;51,236,955;pathogenic;unspecified disorder;unspecified disorder;dbSNP: Stop Gained;;;;;;;;;;;;;;;;;;
CYP19A1;15;rs374081925;G>A;snv;51,236,899;pathogenic;unspecified disorder;unspecified disorder;dbSNP: Stop Gained;;;;;;;;;;;;;;;;;;
CYP19A1;15;rs375975652;T>C;snv;51,227,847;likely-pathogenic;Premature ovarian failure;non mentioned;dbSNP: Missense Variant;;;;;;;;;;;;;;;;;;
CYP19A1;15;rs375990501;T>C;snv;51,212,351;pathogenic;Aromatase deficiency;non mentioned;dbSNP: Missense Variant;;;;;;;;;;;;;;;;;;
CYP19A1;15;rs745865546;TGATTGTGCTTCATTATGTGGAA>-,TGATTGTGCTTCATTATGTGG...;delins;51,227,896;pathogenic;unspecified disorder;unspecified disorder;dbSNP: Stop Gained;;;;;;;;;;;;;;;;;;
CYP19A1;15;rs750338018;A>G;snv;51,222,347;likely-pathogenic;unspecified disorder;unspecified disorder;dbSNP: Splice Donor Variant;;;;;;;;;;;;;;;;;;
CYP19A1;15;rs752116741;G>-;delins;51,222,475;pathogenic;unspecified disorder;unspecified disorder;dbSNP: Frameshift Variant;;;;;;;;;;;;;;;;;;
CYP19A1;15;rs764949820;C>T;snv;51,212,315;likely-pathogenic;unspecified disorder;unspecified disorder;dbSNP: intron variant;;;;;;;;;;;;;;;;;;
CYP19A1;15;rs768157788;C>G;snv;51,227,934;likely-pathogenic;Aromatase deficiency & unspecified disorder;unspecified disorder;dbSNP: Splice Acceptor Variant;;;;;;;;;;;;;;;;;;
CYP19A1;15;rs769461019;->A;delins;51,212,524;pathogenic;Aromatase deficiency & unspecified disorder;unspecified disorder;dbSNP: Frameshift Variant;;;;;;;;;;;;;;;;;;
CYP19A1;15;rs781574524;G>A;snv;51,212,532;pathogenic;unspecified disorder;unspecified disorder;dbSNP: Stop Gained;;;;;;;;;;;;;;;;;;
CYP19A1;15;rs786205107;A>G;snv;51,218,539;pathogenic;Aromatase deficiency;non mentioned;dbSNP: Splice Donor Variant;;;;;;;;;;;;;;;;;;
CYP19A1;15;rs786205108;G>-;delins;51,212,359;pathogenic;Aromatase deficiency;non mentioned;dbSNP: Frameshift Variant;;;;;;;;;;;;;;;;;;
CYP19A1;15;rs786205109;C>T;snv;51,236,858;pathogenic;Aromatase deficiency;non mentioned;dbSNP: Splice Donor Variant;;;;;;;;;;;;;;;;;;
CYP19A1;15;rs786205110;G>T;snv;51,218,658;pathogenic;Aromatase deficiency;non mentioned;dbSNP: intron variant;;;;;;;;;;;;;;;;;;
CYP19A1;15;rs1057518574;A>G;snv;51,227,850;likely-pathogenic;unspecified disorder;unspecified disorder;dbSNP: Missense Variant;;;;;;;;;;;;;;;;;;
CYP19A1;15;rs1057519118;C>T;snv;51,236,954;likely-pathogenic;unspecified disorder;unspecified disorder;dbSNP: Stop Gained;;;;;;;;;;;;;;;;;;
CYP19A1;15;rs1217078313;C>-;delins;51,212,561;pathogenic;unspecified disorder;unspecified disorder;dbSNP: Splice Acceptor Variant;;;;;;;;;;;;;;;;;;
CYP19A1;15;rs1239898028;C>A;snv;51,227,845;pathogenic;unspecified disorder;unspecified disorder;dbSNP: Stop Gained;;;;;;;;;;;;;;;;;;
CYP19A1;15;rs1359922150;G>A;snv;51,227,797;pathogenic;unspecified disorder;unspecified disorder;dbSNP: Stop Gained;;;;;;;;;;;;;;;;;;
CYP19A1;15;rs1595665808;T>A;snv;51,212,418;pathogenic;unspecified disorder;unspecified disorder;dbSNP: Stop Gained;;;;;;;;;;;;;;;;;;
CYP19A1;15;rs1595671510;T>-,TT;delins;51,215,774;pathogenic;unspecified disorder;unspecified disorder;dbSNP: Frameshift Variant;;;;;;;;;;;;;;;;;;
CYP19A1;15;rs2031075939;C>A,T;snv;51,212,319;pathogenic;Aromatase deficiency & unspecified disorder;unspecified disorder;dbSNP: Splice Donor Variant;;;;;;;;;;;;;;;;;;
CYP19A1;15;rs2141034312;T>A;snv;51,212,457;pathogenic;unspecified disorder;unspecified disorder;dbSNP: Stop Gained;;;;;;;;;;;;;;;;;;
CYP19A1;15;rs2141034530;->T;delins;51,212,497;pathogenic;unspecified disorder;unspecified disorder;dbSNP: Frameshift Variant;;;;;;;;;;;;;;;;;;
CYP19A1;15;rs2141041805;G>A;snv;51,215,082;pathogenic;unspecified disorder;unspecified disorder;dbSNP: Stop Gained;;;;;;;;;;;;;;;;;;
CYP19A1;15;rs2141051168;C>T;snv;51,218,568;pathogenic;unspecified disorder;unspecified disorder;dbSNP: Stop Gained;;;;;;;;;;;;;;;;;;
CYP19A1;15;rs2141051210;->TT;ins;51,218,582;pathogenic;unspecified disorder;unspecified disorder;dbSNP: Frameshift Variant;;;;;;;;;;;;;;;;;;
CYP19A1;15;rs2141051275;C>T;snv;51,218,613;pathogenic;unspecified disorder;unspecified disorder;dbSNP: Stop Gained;;;;;;;;;;;;;;;;;;
CYP19A1;15;rs2141061879;AG>-;delins;51,222,380;pathogenic;unspecified disorder;unspecified disorder;dbSNP: Stop Gained;;;;;;;;;;;;;;;;;;
CYP19A1;15;rs2141062122;A>C,G;snv;51,222,425;pathogenic;unspecified disorder;unspecified disorder;dbSNP: Stop Gained;;;;;;;;;;;;;;;;;;
CYP19A1;15;rs2141079375;G>A;snv;51,227,887;pathogenic;Aromatase deficiency & unspecified disorder;unspecified disorder;dbSNP: Stop Gained;;;;;;;;;;;;;;;;;;
CYP19A1;15;rs2141105930;C>A;snv;51,236,878;pathogenic;unspecified disorder;unspecified disorder;dbSNP: Stop Gained;;;;;;;;;;;;;;;;;;
CYP19A1;15;rs2141123410;->AAAAGGCCAGTGA;delins;51,242,806;pathogenic;unspecified disorder;unspecified disorder;dbSNP: Frameshift Variant;;;;;;;;;;;;;;;;;;
CYP19A1;15;rs2542394345;A>G,T;snv;51,212,525;pathogenic;unspecified disorder;unspecified disorder;dbSNP: Stop Gained;;;;;;;;;;;;;;;;;;
CYP19A1;15;rs2542394488;TCTC>-,TC;delins;51,212,552;pathogenic;unspecified disorder;unspecified disorder;dbSNP: Frameshift Variant;;;;;;;;;;;;;;;;;;
CYP19A1;15;rs2542394532;C>A,T;snv;51,212,559;pathogenic;unspecified disorder;unspecified disorder;dbSNP: Stop Gained;;;;;;;;;;;;;;;;;;
CYP19A1;15;rs2542402114;TT>-;del;51,215,214;pathogenic;unspecified disorder;unspecified disorder;dbSNP: Frameshift Variant;;;;;;;;;;;;;;;;;;
CYP19A1;15;rs2542404539;C>-;delins;51,215,766;pathogenic;unspecified disorder;unspecified disorder;dbSNP: Frameshift Variant;;;;;;;;;;;;;;;;;;
CYP19A1;15;rs2542412522;C>G;snv;51,218,540;likely-pathogenic;unspecified disorder;unspecified disorder;dbSNP: Splice Donor Variant;;;;;;;;;;;;;;;;;;
CYP19A1;15;rs2542412670;A>-;delins;51,218,572;pathogenic;unspecified disorder;unspecified disorder;dbSNP: Frameshift Variant;;;;;;;;;;;;;;;;;;
CYP19A1;15;rs2542412966;->G;delins;51,218,631;pathogenic;unspecified disorder;unspecified disorder;dbSNP: Frameshift Variant;;;;;;;;;;;;;;;;;;
CYP19A1;15;rs2542423178;A>-;delins;51,222,414;pathogenic;unspecified disorder;unspecified disorder;dbSNP: Stop Gained;;;;;;;;;;;;;;;;;;
CYP19A1;15;rs2542423740;G>-;delins;51,222,508;pathogenic;Aromatase deficiency;unspecified disorder;dbSNP: Frameshift Variant;;;;;;;;;;;;;;;;;;
CYP19A1;15;rs2542438998;->CA;delins;51,227,863;pathogenic;unspecified disorder;unspecified disorder;dbSNP: Frameshift Variant;;;;;;;;;;;;;;;;;;
CYP19A1;15;rs2542465662;CT>-;del;51,236,858;likely-pathogenic;unspecified disorder;unspecified disorder;dbSNP: Splice Donor Variant;;;;;;;;;;;;;;;;;;
CYP19A1;15;rs2542465709;AGTG>-;delins;51,236,869;pathogenic;unspecified disorder;unspecified disorder;dbSNP: Frameshift Variant;;;;;;;;;;;;;;;;;;
CYP19A1;15;rs2542466150;->A;delins;51,236,934;pathogenic;unspecified disorder;unspecified disorder;dbSNP: Frameshift Variant;;;;;;;;;;;;;;;;;;
CYP19A1;15;rs2542466633;T>C;snv;51,237,011;likely-pathogenic;unspecified disorder;unspecified disorder;dbSNP: Splice Acceptor Variant;;;;;;;;;;;;;;;;;;
CYP19A1;15;rs2542486879;C>-;del;51,242,826;pathogenic;unspecified disorder;unspecified disorder;dbSNP: Frameshift Variant;;;;;;;;;;;;;;;;;;
CYP19A1;15;rs78310315;C>T;snv;51,211,010;pathogenic;Aromatase deficiency;non mentioned;dbSNP: Missense Variant;;;;;;;;;;;;;;;;;;
CYP19A1;15;rs80051519;C>T;snv;51,212,489;likely-pathogenic;Aromatase deficiency;non mentioned;dbSNP: Missense Variant;;;;;;;;;;;;;;;;;;
GCFC2;;нет патогенных снипов в клинваре;;;;;;;;;;;;;;;;;;;;;;;;;
MRPL19;;нет патогенных снипов в клинваре;;;;;;;;;;;;;;;;;;;;;;;;;
;;;;;;;;;;;;;;;;;;;;;;;;;;;
SEMA3C;7;rs138522639;G>A;snv;80,804,219;conflicting;unspecified disorder;unspecified disorder;dbSNP: Missense Variant;;;;;;;;;;;;;;;;;;
SEMA3C;7;rs144517871;A>C;snv;80,918,075;uncertain;unspecified disorder;only in article;intron (article, dbSNP);;;;;;;;;;;;;;;;;;
SEMA3C;7;rs143835534;T>C;snv;80,918,259;Not Reported in ClinVar;Not Reported in ClinVar;only in article;intron (article, dbSNP);;;;;;;;;;;;;;;;;;
;;;;;;;;;;;;;;;;;;;;;;;;;;;
NCAN;19;rs146011974;G>A ;snv;19,233,884;uncertain;dyslexia;obvious clinvar;dbSNP: Missense Variant;;;;;;;;;;;;;;;;;;
NCAN;19;rs1064395;G>A;snv;19,250,926;Not Reported in ClinVar;Not Reported in ClinVar;only in article;dbSNP: 3 Prime UTR Variant;;;;;;;;;;;;;;;;;;
;;;;;;;;;;;;;;;;;;;;;;;;;;;
TACR1;2;rs3220265;T>TGT;ins;75,115,085;Not Reported in ClinVar;Not Reported in ClinVar;only in article;dbSNP: intron variant;;;;;;;;;;;;;;;;;;
TACR1;2;rs6715729;A>G;snv;75,198,602;Not Reported in ClinVar;Not Reported in ClinVar;only in article;dbSNP: Missense Variant;;;;;;;;;;;;;;;;;;
TACR1;2;rs2024512;G>A;snv;75,198,497;Not Reported in ClinVar;Not Reported in ClinVar;only in article;dbSNP: intron variant;;;;;;;;;;;;;;;;;;
;;;;;;;;;;;;;;;;;;;;;;;;;;;
;;;;;;;;;;;;;;;;;;;;;;;;;;;
;;;;;;;;;;;;;;;;;;;;;;;;;;;
;;;;;;;;;;;;;;;;;;;;;;;;;;;
DRD4;11;rs1079727;T>C ;snv;113,418,460;uncertain;unspecified disorder;only in article;dbSNP: intron variant;;;;;;;;;;;;;;;;;;
DRD4;11;rs2002453;T>C;snv;113,418,576;Not Reported in ClinVar;Not Reported in ClinVar;only in article;dbSNP: intron variant;;;;;;;;;;;;;;;;;;
DRD4;11;rs2471851;A>C ;snv;113,430,347;Not Reported in ClinVar;Not Reported in ClinVar;only in article;dbSNP: intron variant;;;;;;;;;;;;;;;;;;
DRD4;11;rs11214607;T>G;snv;113,441,417;Not Reported in ClinVar;Not Reported in ClinVar;only in article;dbSNP: intron variant;;;;;;;;;;;;;;;;;;
DRD4;11;rs17115583;G>A;snv;113,438,180;Not Reported in ClinVar;Not Reported in ClinVar;only in article;dbSNP: intron variant;;;;;;;;;;;;;;;;;;
;;;;;;;;;;;;;;;;;;;;;;;;;;;
SLC6A3;5;rs11133762;T>A;snv;1,391,046;Not Reported in ClinVar;Not Reported in ClinVar;only in article;;;;;;;;;;;;;;;;;;;
;;;;;;;;;;;;;;;;;;;;;;;;;;;
;;;;;;;;;;;;;;;;;;;;;;;;;;;
TDP2;6;rs17243157;C>A, G, T;snv;24,667,095;Not Reported in ClinVar;Not Reported in ClinVar;only in article;dbSNP: 2KB Upstream Variant;;;;;;;;;;;;;;;;;;
;;;;;;;;;;;;;;;;;;;;;;;;;;;
;;;;;;;;;;;;;;;;;;;;;;;;;;;
SEMA4F & OTX1;;;;;;;;only in article;;;;;;;;;;;;;;;;;;;
;;;;;;;;;;;;;;;;;;;;;;;;;;;
;;;;;;;;;;;;;;;;;;;;;;;;;;;
;;;;;;;;;;;;;;;;;;;;;;;;;;;
;;;;;;;;;;;;;;;;;;;;;;;;;;;
FOXP2;;rs7784315;T>C;snv;114,550,588;Not Reported in ClinVar;Not Reported in ClinVar;only in article;dbSNP: intron variant;;;;;;;;;;;;;;;;;;
;;rs17137135;G>A;snv;114,580,804;Not Reported in ClinVar;Not Reported in ClinVar;only in article;dbSNP: intron variant;;;;;;;;;;;;;;;;;;
;;rs6980093;G>A;snv;114,522,685;Not Reported in ClinVar;Not Reported in ClinVar;only in article;dbSNP: intron variant;;;;;;;;;;;;;;;;;;
;;;;;;;;;;;;;;;;;;;;;;;;;;;
MRPL19;2;rs7588016*;T>C;snv;75,649,214;Not Reported in ClinVar;Not Reported in ClinVar;only in article;dbSNP: intron variant;;;;;;;;;;;;;;;;;;
ATP2C2;16;rs12446219;T>C;snv;84,415,015 ;Not Reported in ClinVar;Not Reported in ClinVar;only in article;dbSNP: intron variant;;;;;;;;;;;;;;;;;;
FAM65B;6;rs17671350;T>C;snv;24,898,628;Not Reported in ClinVar;Not Reported in ClinVar;only in article;dbSNP: intron variant;;;;;;;;;;;;;;;;;;
ACOT13;6;rs6928074;A>G;snv;24,680,062;Not Reported in ClinVar;Not Reported in ClinVar;only in article;dbSNP: intron variant;;;;;;;;;;;;;;;;;;
GCFC2;2;rs17011662;T>C;snv;75,691,522;Not Reported in ClinVar;Not Reported in ClinVar;only in article;dbSNP: intron variant;;;;;;;;;;;;;;;;;;
KIAA0319L;1;rs12039012;G>A;snv;35,472,284;Not Reported in ClinVar;Not Reported in ClinVar;only in article;dbSNP: intron variant;;;;;;;;;;;;;;;;;;
CMIP;16;rs2966099;T>C;snv;81,516,843 ;Not Reported in ClinVar;Not Reported in ClinVar;only in article;dbSNP: intron variant;;;;;;;;;;;;;;;;;;
KIAA0319L;1;rs12562622;C>T;snv;35,439,579;Not Reported in ClinVar;Not Reported in ClinVar;only in article;dbSNP: intron variant;;;;;;;;;;;;;;;;;;
ATP2C2;16;rs4782624;A>G;snv;84,431,560 ;Not Reported in ClinVar;Not Reported in ClinVar;only in article;dbSNP: intron variant;;;;;;;;;;;;;;;;;;
DRD2;11;rs2242592;G>A;snv;113,408,708;Not Reported in ClinVar;Not Reported in ClinVar;only in article;not reported;;;;;;;;;;;;;;;;;;
GPLD1;6;rs793671;C>T;snv;24,438,434 ;Not Reported in ClinVar;Not Reported in ClinVar;only in article;dbSNP: intron variant;;;;;;;;;;;;;;;;;;
CMIP;16;rs2927332;A>T;snv;81,475,688;Not Reported in ClinVar;Not Reported in ClinVar;only in article;dbSNP: intron variant;;;;;;;;;;;;;;;;;;
CMIP;16;rs12596138;C>T;snv;81,457,144;Not Reported in ClinVar;Not Reported in ClinVar;only in article;dbSNP: intron variant;;;;;;;;;;;;;;;;;;
ANKK1;11;rs2734849;A>C;snv;113,399,438;uncertain;unspecified gene-related disorder;only in article;dbSNP: Missense Variant;;;;;;;;;;;;;;;;;;
DRD2;11;rs4581480;C>T;snv;113,453,752;Not Reported in ClinVar;Not Reported in ClinVar;only in article;dbSNP: intron variant;;;;;;;;;;;;;;;;;;
;6;rs9393532;A>C;snv;24,164,229;Not Reported in ClinVar;Not Reported in ClinVar;only in article;not reported;;;;;;;;;;;;;;;;;;
ATP2C2;16;rs8059665;G>T;snv;84,429,583;Not Reported in ClinVar;Not Reported in ClinVar;only in article;dbSNP: intron variant;;;;;;;;;;;;;;;;;;
CMIP;16;rs2927321;A>G;snv;81,481,164;Not Reported in ClinVar;Not Reported in ClinVar;only in article;dbSNP: intron variant;;;;;;;;;;;;;;;;;;
ATP2C2;16;rs11149652*;A>G;snv;84,414,399;Not Reported in ClinVar;Not Reported in ClinVar;only in article;dbSNP: intron variant;;;;;;;;;;;;;;;;;;
;;;;;;;;;;;;;;;;;;;;;;;;;;;
PMVK;1;rs4845687;A;snv;154,906,435;Not Reported in ClinVar;Not Reported in ClinVar;only in article;;;;;;;;;;;;;;;;;;;
ACVR2A;2;rs497418;A;snv;147,085,103;Not Reported in ClinVar;Not Reported in ClinVar;only in article;;;;;;;;;;;;;;;;;;;
RFTN2;2;rs72916919;T>G;snv;197,627,592;Not Reported in ClinVar;Not Reported in ClinVar;only in article;dbSNP: intron variant;;;;;;;;;;;;;;;;;;
CADM2;3;rs10511073;A;snv;85,604,310;Not Reported in ClinVar;Not Reported in ClinVar;only in article;dbSNP: intron variant;;;;;;;;;;;;;;;;;;
PPP2R3A;3;rs13082684;G>A;snv;136,064,324;Not Reported in ClinVar;Not Reported in ClinVar;only in article;dbSNP: intron variant;;;;;;;;;;;;;;;;;;
STMND1;6;rs2876430;C>T;snv;17,009,359;Not Reported in ClinVar;Not Reported in ClinVar;only in article;;;;;;;;;;;;;;;;;;;
POU6F2;7;rs62453457;A>G;snv;39,267,241;Not Reported in ClinVar;Not Reported in ClinVar;only in article;dbSNP: intron variant;;;;;;;;;;;;;;;;;;
AUTS2;7;rs3735260;A>G;snv;69,599,651;Not Reported in ClinVar;Not Reported in ClinVar;only in article;dbSNP: 5 Prime UTR Variant;;;;;;;;;;;;;;;;;;
CALN1;7;rs77059784;G>A;snv;72,253,545;Not Reported in ClinVar;Not Reported in ClinVar;only in article;dbSNP: intron variant;;;;;;;;;;;;;;;;;;
PPP2R3A;9;rs9696811;T>C;snv;12,916,125;Not Reported in ClinVar;Not Reported in ClinVar;only in article;dbSNP: intron variant;;;;;;;;;;;;;;;;;;
PPP2R1B;11;rs138127836;insACT / insAT;ins;111,763,847;Not Reported in ClinVar;Not Reported in ClinVar;only in article;dbSNP: intron variant;;;;;;;;;;;;;;;;;;
TANC2;17;rs72841395;C;snv;63,393,685;Not Reported in ClinVar;Not Reported in ClinVar;only in article;dbSNP: intron variant;;;;;;;;;;;;;;;;;;
AL109653;X;rs5904158;delAT / dupAT;delins;145,950,567;Not Reported in ClinVar;Not Reported in ClinVar;only in article;dbSNP: intron variant;;;;;;;;;;;;;;;;;;
TMEM182;2;rs367982014;insTAA;ins;102,816,510;Not Reported in ClinVar;Not Reported in ClinVar;only in article;dbSNP: intron variant;;;;;;;;;;;;;;;;;;
TBC1D5;3;rs373178590;del(T);delins;17,319,436;Not Reported in ClinVar;Not Reported in ClinVar;only in article;dbSNP: intron variant;;;;;;;;;;;;;;;;;;
PCGF6;10;rs34732054;del(T);delins;103,304,141;Not Reported in ClinVar;Not Reported in ClinVar;only in article;dbSNP: intron variant;;;;;;;;;;;;;;;;;;
WASF3;13;rs55857059;del(A);delins;26,524,361;Not Reported in ClinVar;Not Reported in ClinVar;only in article;dbSNP: intron variant;;;;;;;;;;;;;;;;;;
C1orf87;1;rs12737449;G>A ;snv;60,040,111;Not Reported in ClinVar;Not Reported in ClinVar;only in article;dbSNP: Missense variant;;;;;;;;;;;;;;;;;;
BABAM2;2;rs1969131;C>T;snv;28,118,508;Not Reported in ClinVar;Not Reported in ClinVar;only in article;dbSNP: intron variant;;;;;;;;;;;;;;;;;;
TTC14;3;rs7625418;A>C;snv;180,407,962;Not Reported in ClinVar;Not Reported in ClinVar;only in article;dbSNP: intron variant;;;;;;;;;;;;;;;;;;
MITF;3;rs13097431;G;snv;69,795,512;Not Reported in ClinVar;Not Reported in ClinVar;only in article;dbSNP: intron variant;;;;;;;;;;;;;;;;;;
SGCD;5;rs867009;G;snv;156,431,256;Not Reported in ClinVar;Not Reported in ClinVar;only in article;dbSNP: intron variant;;;;;;;;;;;;;;;;;;
CCDC171;9;rs3122702;T>G;snv;15,609,963;Not Reported in ClinVar;Not Reported in ClinVar;only in article;dbSNP: intron variant;;;;;;;;;;;;;;;;;;
R3HCC1L;10;rs10786387;C;snv;98,101,555;Not Reported in ClinVar;Not Reported in ClinVar;only in article;dbSNP: intron variant;;;;;;;;;;;;;;;;;;
ARL14EP;11;rs676217;G>C ;snv;30,174,210;Not Reported in ClinVar;Not Reported in ClinVar;only in article;dbSNP: intron variant;;;;;;;;;;;;;;;;;;
SAMD4B;19;rs60963584;dupC;ins;39,341,387;Not Reported in ClinVar;Not Reported in ClinVar;only in article;dbSNP: 2KB Upstream Variant;;;;;;;;;;;;;;;;;;
DNMT3B;20;rs4911257;T>A;snv;32,771,768;Not Reported in ClinVar;Not Reported in ClinVar;only in article;dbSNP: intron variant;;;;;;;;;;;;;;;;;;
;;;;;;;;;;;;;;;;;;;;;;;;;;;
;2;rs917235;"
G>A, T";snv;75,598,693;Not Reported in ClinVar;Not Reported in ClinVar;only in article;not provided;;;;;;;;;;;;;;;;;;
;2;rs714939;G>A;snv;75,607,981;Not Reported in ClinVar;Not Reported in ClinVar;only in article;not provided;;;;;;;;;;;;;;;;;;
;;;;;;;;;;;;;;;;;;;;;;;;;;;
MARK2;11;rs750480856;G>T;snv;63,905,040;uncertain;Anxiety,Attention deficit hyperactivity disorder,Compulsive behaviors,Delayed speech and language development,Dyslexia,Seizure;obvious clinvar;dbSNP: Missense Variant;;;;;;;;;;;;;;;;;;
CEP63;3;rs796503097;GC>TT;mnv;134,545,716;not provided;Developmental dyslexia;obvious clinvar;dbSNP: Missense Variant;;;;;;;;;;;;;;;;;;
SP4;7;rs2534163374;T>TT;delins;21,428,759;uncertain;Attention deficit hyperactivity disorder,Cognitive regression,Delayed speech and language development,Dyslexia,Hip dislocation,Seizure;obvious clinvar;dbSNP: Stop Gained;;;;;;;;;;;;;;;;;;
DCDC2;6;rs757704417;AC>-;delins;24,357,627;pathogenic;Autosomal recessive nonsyndromic hearing loss 66,Isolated neonatal sclerosing cholangitis & Nephronophthisis & Isolated neonatal sclerosing cholangitis & Dyslexia;obvious clinvar;dbSNP: Frameshift Variant;;;;;;;;;;;;;;;;;;
DNAAF4;15;rs774796257;G>A,C;snv;55,432,539;pathogenic;unspecified disorder;obvious clinvar;dbSNP: Stop Gained;;;;;;;;;;;;;;;;;;
DNAAF4;15;rs982697369;C>T;snv;55,432,496;pathogenic;unspecified disorder;obvious clinvar;dbSNP:  Splice Donor Variant;;;;;;;;;;;;;;;;;;
DNAAF4;15;rs148152687;T>G;snv;55,430,692;uncertain;Primary ciliary dyskinesia 25 & unspecified disorder;obvious clinvar;dbSNP: Missense Variant;;;;;;;;;;;;;;;;;;
DNAAF4;15;rs1028632064;C>G;snv;55,497,737;uncertain;Dyslexia, susceptibility to, 1,Primary ciliary dyskinesia 25;obvious clinvar;dbSNP: Missense Variant;;;;;;;;;;;;;;;;;;
DNAAF4;15;rs1595952313;GTGCGTA>-;delins;55,491,138;likely-pathogenic;Dyslexia, susceptibility to, 1,Primary ciliary dyskinesia 25;obvious clinvar;dbSNP: Stop Gained;;;;;;;;;;;;;;;;;;
DNAAF4;15;rs2058668062;C>T;snv;55,498,327;likely-pathogenic;Dyslexia, susceptibility t;obvious clinvar;dbSNP: Initiator Codon Variant;;;;;;;;;;;;;;;;;;
DNAAF4;15;rs201132774;G>A;snv;55,467,113;uncertain;unspecified disorder;obvious clinvar;dbSNP: Missense Variant;;;;;;;;;;;;;;;;;;
DNAAF4;15;rs143493699;G>A ;snv;55,498,326;uncertain;Dyslexia, susceptibility to, 1,Primary ciliary dyskinesia 25 & unspecified disorder;obvious clinvar;dbSNP: Missense Variant;;;;;;;;;;;;;;;;;;
DNAAF4;15;rs751610886;T>-;delins;55,467,044;likely-pathogenic;Dyslexia, susceptibility to, 1,Primary ciliary dyskinesia 25 & unspecified disorder;obvious clinvar;dbSNP: Frameshift Variant;;;;;;;;;;;;;;;;;;
DNAAF4;15;rs753649614;T>-;delins;55,466,984;pathogenic;Dyslexia, susceptibility to, 1,Primary ciliary dyskinesia 25 & unspecified disorder;obvious clinvar;dbSNP: Stop Gained;;;;;;;;;;;;;;;;;;
